output_1.csv,11021.975191184347
output_10.csv,11021.975191184347
output_100.csv,11021.975191184347
output_101.csv,11021.975191184347
output_102.csv,11021.975191184347
output_103.csv,11021.975191184347
output_104.csv,11021.975191184347
output_105.csv,11021.975191184347
output_106.csv,11021.975191184347
output_107.csv,11021.975191184347
output_108.csv,11021.975191184347
output_109.csv,11021.975191184347
output_11.csv,11021.975191184347
output_110.csv,11021.975191184347
output_111.csv,11021.975191184347
output_112.csv,11021.975191184347
output_113.csv,11021.975191184347
output_114.csv,11021.975191184347
output_115.csv,11021.975191184347
output_116.csv,11021.975191184347
output_117.csv,11021.975191184347
output_118.csv,11021.975191184347
output_119.csv,11021.975191184347
output_12.csv,11021.975191184347
output_120.csv,11021.975191184347
output_121.csv,11021.975191184347
output_122.csv,11021.975191184347
output_123.csv,11021.975191184347
output_124.csv,11021.975191184347
output_125.csv,11021.975191184347
output_126.csv,11021.975191184347
output_127.csv,11021.975191184347
output_128.csv,11021.975191184347
output_129.csv,11021.975191184347
output_13.csv,11021.975191184347
output_130.csv,11021.975191184347
output_131.csv,11021.975191184347
output_132.csv,11021.975191184347
output_133.csv,11021.975191184347
output_134.csv,11021.975191184347
output_135.csv,11021.975191184347
output_136.csv,11021.975191184347
output_137.csv,11021.975191184347
output_138.csv,11021.975191184347
output_139.csv,11021.975191184347
output_14.csv,11021.975191184347
output_140.csv,11021.975191184347
output_141.csv,11021.975191184347
output_142.csv,11021.975191184347
output_143.csv,11021.975191184347
output_144.csv,11021.975191184347
output_145.csv,11021.975191184347
output_146.csv,11021.975191184347
output_147.csv,11021.975191184347
output_148.csv,11021.975191184347
output_149.csv,11021.975191184347
output_15.csv,11021.975191184347
output_150.csv,11021.975191184347
output_151.csv,11021.975191184347
output_152.csv,11021.975191184347
output_153.csv,11021.975191184347
output_154.csv,11021.975191184347
output_155.csv,11021.975191184347
output_156.csv,11021.975191184347
output_157.csv,11021.975191184347
output_158.csv,11021.975191184347
output_159.csv,11021.975191184347
output_16.csv,11021.975191184347
output_160.csv,11021.975191184347
output_161.csv,11021.975191184347
output_162.csv,11021.975191184347
output_163.csv,11021.975191184347
output_164.csv,11021.975191184347
output_165.csv,11021.975191184347
output_166.csv,11021.975191184347
output_167.csv,11021.975191184347
output_168.csv,11021.975191184347
output_169.csv,11021.975191184347
output_17.csv,11021.975191184347
output_170.csv,11021.975191184347
output_171.csv,11021.975191184347
output_172.csv,11021.975191184347
output_173.csv,11021.975191184347
output_174.csv,11021.975191184347
output_175.csv,11021.975191184347
output_176.csv,11021.975191184347
output_177.csv,11021.975191184347
output_178.csv,11021.975191184347
output_179.csv,11021.975191184347
output_18.csv,11021.975191184347
output_180.csv,11021.975191184347
output_181.csv,11021.975191184347
output_182.csv,11021.975191184347
output_183.csv,11021.975191184347
output_184.csv,11021.975191184347
output_185.csv,11021.975191184347
output_186.csv,11021.975191184347
output_187.csv,11021.975191184347
output_188.csv,11021.975191184347
output_189.csv,11021.975191184347
output_19.csv,11021.975191184347
output_190.csv,11021.975191184347
output_191.csv,11021.975191184347
output_192.csv,11021.975191184347
output_193.csv,11021.975191184347
output_194.csv,11021.975191184347
output_195.csv,11021.975191184347
output_196.csv,11021.975191184347
output_197.csv,11021.975191184347
output_198.csv,11021.975191184347
output_199.csv,11021.975191184347
output_2.csv,11021.975191184347
output_20.csv,11021.975191184347
output_200.csv,11021.975191184347
output_21.csv,11021.975191184347
output_22.csv,11021.975191184347
output_23.csv,11021.975191184347
output_24.csv,11021.975191184347
output_25.csv,11021.975191184347
output_26.csv,11021.975191184347
output_27.csv,11021.975191184347
output_28.csv,11021.975191184347
output_29.csv,11021.975191184347
output_3.csv,11021.975191184347
output_30.csv,11021.975191184347
output_31.csv,11021.975191184347
output_32.csv,11021.975191184347
output_33.csv,11021.975191184347
output_34.csv,11021.975191184347
output_35.csv,11021.975191184347
output_36.csv,11021.975191184347
output_37.csv,11021.975191184347
output_38.csv,11021.975191184347
output_39.csv,11021.975191184347
output_4.csv,11021.975191184347
output_40.csv,11021.975191184347
output_41.csv,11021.975191184347
output_42.csv,11021.975191184347
output_43.csv,11021.975191184347
output_44.csv,11021.975191184347
output_45.csv,11021.975191184347
output_46.csv,11021.975191184347
output_47.csv,11021.975191184347
output_48.csv,11021.975191184347
output_49.csv,11021.975191184347
output_5.csv,11021.975191184347
output_50.csv,11021.975191184347
output_51.csv,11021.975191184347
output_52.csv,11021.975191184347
output_53.csv,11021.975191184347
output_54.csv,11021.975191184347
output_55.csv,11021.975191184347
output_56.csv,11021.975191184347
output_57.csv,11021.975191184347
output_58.csv,11021.975191184347
output_59.csv,11021.975191184347
output_6.csv,11021.975191184347
output_60.csv,11021.975191184347
output_61.csv,11021.975191184347
output_62.csv,11021.975191184347
output_63.csv,11021.975191184347
output_64.csv,11021.975191184347
output_65.csv,11021.975191184347
output_66.csv,11021.975191184347
output_67.csv,11021.975191184347
output_68.csv,11021.975191184347
output_69.csv,11021.975191184347
output_7.csv,11021.975191184347
output_70.csv,11021.975191184347
output_71.csv,11021.975191184347
output_72.csv,11021.975191184347
output_73.csv,11021.975191184347
output_74.csv,11021.975191184347
output_75.csv,11021.975191184347
output_76.csv,11021.975191184347
output_77.csv,11021.975191184347
output_78.csv,11021.975191184347
output_79.csv,11021.975191184347
output_8.csv,11021.975191184347
output_80.csv,11021.975191184347
output_81.csv,11021.975191184347
output_82.csv,11021.975191184347
output_83.csv,11021.975191184347
output_84.csv,11021.975191184347
output_85.csv,11021.975191184347
output_86.csv,11021.975191184347
output_87.csv,11021.975191184347
output_88.csv,11021.975191184347
output_89.csv,11021.975191184347
output_9.csv,11021.975191184347
output_90.csv,11021.975191184347
output_91.csv,11021.975191184347
output_92.csv,11021.975191184347
output_93.csv,11021.975191184347
output_94.csv,11021.975191184347
output_95.csv,11021.975191184347
output_96.csv,11021.975191184347
output_97.csv,11021.975191184347
output_98.csv,11021.975191184347
output_99.csv,11021.975191184347
